{
  "metadata": {
    "version": "Agent_V2_Optimized",
    "total": 110,
    "timestamp": "2026-04-21 18:24:54"
  },
  "metrics": {
    "avg_score": 3.9545454545454546,
    "hit_rate": 0.0,
    "agreement_rate": 0.6590909090909091
  }
}